TOWN;LON;LAT;MEDV;CRIM;ZN;INDUS;CHAS;NOX;RM;AGE;DIS;RAD;TAX;PTRATIO;B;LSTAT
Nahant;-70.955;42.255;24;0.00632;18;2.31;0;0.5379999999999999;6.575;65.2;4.09;1;296;15.3;396.9;4.98
Swampscott;-70.95;422.875;21.6;0.02731;0;7.07;0;0.469;6.421;78.9;49.671;2;242;17.8;396.9;9.14
Swampscott;-70.936;42.283;34.7;0.02729;0;7.07;0;0.469;7.185;61.1;49.671;2;242;17.8;392.83;4.03
Marblehead;-70.928;42.293;33.4;0.03237;0;2.18;0;0.458;6.997.999.999.999.990;45.8;60.622;3;222;18.7;394.63;2.94
Marblehead;-70.922;42.298;36.2;0.06905;0;2.18;0;0.458;7.147;54.2;60.622;3;222;18.7;396.9;5.33
Marblehead;-709.165;42.303.999.999.999.900;28.7;0.02985;0;2.18;0;0.458;6.43;58.7;60.622;3;222;18.7;394.12;5.21
Salem;-70.936;42.297;22.9;0.08829;12.5;7.87;0;0.524;60.120.000.000.000.000;66.6;55.605;5;311;15.2;395.6;12.43
Salem;-709.375;42.31;22.1;0.14455;12.5;7.87;0;0.524;61.720.000.000.000.000;96.1;59.505;5;311;15.2;396.9;19.15
Salem;-70.933;42.312;16.5;0.21124;12.5;7.87;0;0.524;5.631;100;60.821;5;311;15.2;386.63;29.93
Salem;-70.929;42.316;18.9;0.17004;12.5;7.87;0;0.524;6.004;85.9;65.921;5;311;15.2;386.71;17.1
Salem;-70.935;42.316;15;0.22489;12.5;7.87;0;0.524;6.377.000.000.000.000;94.3;63.467;5;311;15.2;392.52;20.45
Salem;-70.944;42.317;18.9;0.11747;12.5;7.87;0;0.524;6.009;82.9;62.267;5;311;15.2;396.9;13.27
Salem;-7.095.100.000.000.000;42.306.000.000.000.000;21.7;0.09378;12.5;7.87;0;0.524;58.889.999.999.999.900;39;54.509;5;311;15.2;390.5;15.71
Lynn;-709.645;42.292;20.4;0.62976;0;8.14;0;0.5379999999999999;5.949;61.8;47.075;4;307;21;396.9;8.26
Lynn;-70.972;42.287;18.2;0.6379600000000001;0;8.14;0;0.5379999999999999;6.096;84.5;44.619;4;307;21;380.02;10.26
Lynn;-709.765;42.294;19.9;0.62739;0;8.14;0;0.5379999999999999;5.834;56.5;44.986;4;307;21;395.62;8.47
Lynn;-70.987;422.985;23.1;105.393;0;8.14;0;0.5379999999999999;5.935;29.3;44.986;4;307;21;386.85;6.58
Lynn;-7.097.800.000.000.000;42.285;17.5;0.7842;0;8.14;0;0.5379999999999999;5.99;81.7;42.579;4;307;21;386.75;14.67
Lynn;-709.925;422.825;20.2;0.80271;0;8.14;0;0.5379999999999999;5.456;36.6;37.965;4;307;21;288.99;11.69
Lynn;-70.988;422.776;18.2;0.7258;0;8.14;0;0.5379999999999999;5.727;69.5;37.965;4;307;21;390.95;11.28
Lynn;-709.835;42.277;13.6;125.179;0;8.14;0;0.5379999999999999;5.57;98.1;37.979;4;307;21;376.57;21.02
Lynn;-70.982;42.281.000.000.000.000;19.6;0.8520399999999999;0;8.14;0;0.5379999999999999;5.965;89.2;40.123;4;307;21;392.53;13.83
Lynn;-709.775;42.278.999.999.999.900;15.2;12.324.700.000.000.000;0;8.14;0;0.5379999999999999;6.142;91.7;39.769;4;307;21;396.9;18.72
Lynn;-70.973;42.278.999.999.999.900;14.5;0.98843;0;8.14;0;0.5379999999999999;5.813;100;40.952;4;307;21;394.54;19.88
Lynn;-709.693;422.816;15.6;0.75026;0;8.14;0;0.5379999999999999;5.924;94.1;43.996;4;307;21;394.33;16.3
Lynn;-70.964;42.284;13.9;0.84054;0;8.14;0;0.5379999999999999;5.599;85.7;44.546;4;307;21;303.42;16.51
Lynn;-709.597;42.287;16.6;0.67191;0;8.14;0;0.5379999999999999;5.813;90.3;46.819.999.999.999.900;4;307;21;376.88;14.81
Lynn;-709.597;422.825;14.8;0.95577;0;8.14;0;0.5379999999999999;60.470.000.000.000.000;88.8;44.534;4;307;21;306.38;17.28
Lynn;-70.957;42.28;18.4;0.77299;0;8.14;0;0.5379999999999999;6.495;94.4;44.547;4;307;21;387.94;12.8
Lynn;-7.095.100.000.000.000;42.278;21;100.245;0;8.14;0;0.5379999999999999;6.674;87.3;4.239;4;307;21;380.23;11.98
Lynn;-70.967;42.278.999.999.999.900;12.7;113.081;0;8.14;0;0.5379999999999999;5.712.999.999.999.990;94.1;42.330.000.000.000.000;4;307;21;360.17;22.6
Lynn;-70.964;422.765;14.5;135.472;0;8.14;0;0.5379999999999999;6.072;100;4.175;4;307;21;376.73;13.04
Lynn;-70.972;422.765;13.2;138.799;0;8.14;0;0.5379999999999999;5.95;82;3.99;4;307;21;232.6;27.71
Lynn;-709.795;42.276;13.1;115.172;0;8.14;0;0.5379999999999999;57.010.000.000.000.000;95;37.872;4;307;21;358.77;18.35
Lynn;-709.775;42.272;13.5;161.282;0;8.14;0;0.5379999999999999;6.096;96.9;37.598;4;307;21;248.31;20.34
Sargus;-71;42.27;18.9;0.06417;0;5.96;0;0.499;5.933;68.2;33.603;5;279;19.2;396.9;9.68
Sargus;-71.008;422.745;20;0.09744;0;5.96;0;0.499;5.841;61.4;33.779;5;279;19.2;377.56;11.41
Sargus;-7.100.399.999.999.990;422.865;21;0.08014;0;5.96;0;0.499;5.85;41.5;39.342;5;279;19.2;396.9;8.77
Sargus;-71.02;422.875;24.2;0.17505;0;5.96;0;0.499;5.966;30.2;38.473;5;279;19.2;393.43;10.13
Lynnfield;-71.013;42.313;30.8;0.02763;75;2.95;0;0.428;6.595;21.8;54.011;3;252;18.3;395.63;4.32
Lynnfield;-71.03;42.324;34.9;0.033589999999999995;75;2.95;0;0.428;7.024;15.8;54.011;3;252;18.3;395.62;1.98
Peabody;-7.100.399.999.999.990;42.335;26.6;0.12744;0;6.91;0;0.448;6.77;2.9;57.209;3;233;17.9;385.41;4.84
Peabody;-71.003;423.235;25.3;0.1415;0;6.91;0;0.448;6.169;6.6;57.209;3;233;17.9;383.37;5.81
Peabody;-709.775;423.237;24.7;0.15936;0;6.91;0;0.448;6.211;6.5;57.209;3;233;17.9;394.46;7.44
Peabody;-709.675;42.317;21.2;0.12269;0;6.91;0;0.448;6.069;40;57.209;3;233;17.9;389.39;9.55
Peabody;-709.725;423.075;19.3;0.17142000000000002;0;6.91;0;0.448;5.682;33.8;51.004;3;233;17.9;396.9;10.21
Peabody;-70.965;423.075;20;0.18836;0;6.91;0;0.448;57.860.000.000.000.000;33.3;51.004;3;233;17.9;396.9;14.15
Peabody;-70.956;423.125;16.6;0.22927;0;6.91;0;0.448;6.03;85.5;56.894;3;233;17.9;392.74;18.8
Peabody;-70.955;423.165;14.4;0.25387;0;6.91;0;0.448;5.399;95.3;5.87;3;233;17.9;396.9;30.81
Peabody;-709.525;423.208;19.4;0.21977;0;6.91;0;0.448;5.602;62;60.877;3;233;17.9;396.9;16.2
Danvers;-7.095.100.000.000.000;42.333.999.999.999.900;19.7;0.08872999999999999;21;5.64;0;0.439;5.962.999.999.999.990;45.7;68.147;4;243;16.8;395.56;13.45
Danvers;-7.096.300.000.000.000;423.382;20.5;0.04337;21;5.64;0;0.439;6.115;63;68.147;4;243;16.8;393.97;9.43
Danvers;-70.958;42.346.000.000.000.000;25;0.0536;21;5.64;0;0.439;6.511;21.1;68.147;4;243;16.8;396.9;5.28
Danvers;-7.097.800.000.000.000;423.425;23.4;0.04981;21;5.64;0;0.439;5.997.999.999.999.990;21.4;68.147;4;243;16.8;396.9;8.43
Middleton;-710.175;423.715;18.9;0.0136;75;4;0;0.41;5.888;47.6;73.197;3;469;21.1;396.9;14.8
Topsfield;-709.625;42.381;35.4;0.01311;90;1.22;0;0.403;7.249;21.9;86.966;5;226;17.9;395.93;4.81
Hamilton;-70.93;42.373.999.999.999.900;24.7;0.02055;85;0.74;0;0.41;6.382.999.999.999.990;35.7;91.876;2;313;17.3;396.9;5.77
Wenham;-709.295;423.715;31.6;0.01432;100;1.32;0;0.411;6.816;40.5;83.248;5;256;15.1;392.9;3.95
Beverly;-709.385;42.346.000.000.000.000;23.3;0.15445;25;5.13;0;0.453;6.145;29.2;78.148;8;284;19.7;390.68;6.86
Beverly;-70.94;42.332;19.6;0.10328;25;5.13;0;0.453;59.270.000.000.000.000;47.2;6.932;8;284;19.7;396.9;9.22
Beverly;-70.93;42.336.999.999.999.900;18.7;0.14932;25;5.13;0;0.453;57.410.000.000.000.000;66.2;72.254;8;284;19.7;395.11;13.15
Beverly;-70.93;423.275;16;0.17171;25;5.13;0;0.453;5.966;93.4;68.185;8;284;19.7;378.08;14.44
Beverly;-709.215;42.332;22.2;0.11027;25;5.13;0;0.453;6.456;67.8;72.255;8;284;19.7;396.9;6.73
Beverly;-709.075;42.339;25;0.1265;25;5.13;0;0.453;67.620.000.000.000.000;43.4;79.809;8;284;19.7;395.58;9.5
Manchester;-70.86;42.345;33;0.01951;17.5;1.38;0;0.4161;7.104;59.5;92.229;3;216;18.6;393.24;8.05
North Reading;-71.045;42.345;23.5;0.03584;80;3.37;0;0.398;6.29;17.8;66.115;4;337;16.1;396.9;4.67
North Reading;-71.069;423.525;19.4;0.04379;80;3.37;0;0.398;5.787.000.000.000.000;31.1;66.115;4;337;16.1;396.9;10.24
Wilmington;-71.09;423.362;22;0.05789;12.5;6.07;0;0.409;5.877.999.999.999.990;21.4;6.497.999.999.999.990;4;345;18.9;396.21;8.1
Wilmington;-71.108;42.34;17.4;0.13554000000000002;12.5;6.07;0;0.409;55.939.999.999.999.900;36.8;6.497.999.999.999.990;4;345;18.9;396.9;13.09
Wilmington;-71.111;42.327;20.9;0.12816;12.5;6.07;0;0.409;5.885;33;6.497.999.999.999.990;4;345;18.9;396.9;8.79
Burlington;-7.112.100.000.000.000;42.316;24.2;0.08826;0;10.81;0;0.413;6.417.000.000.000.000;6.6;52.873;4;305;19.2;383.73;6.72
Burlington;-711.095;423.008;21.7;0.15875999999999998;0;10.81;0;0.413;5.961;17.5;52.873;4;305;19.2;376.94;9.88
Burlington;-71.13;42.305;22.8;0.09164;0;10.81;0;0.413;6.065;7.8;52.873;4;305;19.2;390.91;5.52
Burlington;-71.123;42.292;23.4;0.19539;0;10.81;0;0.413;6.245;6.2;52.873;4;305;19.2;377.17;7.54
Woburn;-711.105;42.288.999.999.999.900;24.1;0.07896;0;12.83;0;0.4370000000000001;6.273;6;42.515;5;398;18.7;394.92;6.78
Woburn;-71.1;422.875;21.4;0.09512;0;12.83;0;0.4370000000000001;62.860.000.000.000.000;45;45.026;5;398;18.7;383.23;8.94
Woburn;-71.09;422.835;20;0.10153;0;12.83;0;0.4370000000000001;6.279;74.5;40.522;5;398;18.7;373.66;11.97
Woburn;-7.107.600.000.000.000;422.895;20.8;0.08707000000000001;0;12.83;0;0.4370000000000001;6.14;45.8;40.905;5;398;18.7;386.96;10.27
Woburn;-710.905;42.295;21.2;0.05646;0;12.83;0;0.4370000000000001;6.232;53.7;50.141;5;398;18.7;386.4;12.34
Woburn;-7.109.100.000.000.000;42.305;20.3;0.08387;0;12.83;0;0.4370000000000001;5.874;36.6;45.026;5;398;18.7;396.06;9.1
Reading;-710.685;42.308;28;0.04113;25;4.86;0;0.426;6.727;33.5;54.007;4;281;19;396.9;5.29
Reading;-71.069;42.315;23.9;0.04462;25;4.86;0;0.426;6.619;70.4;54.007;4;281;19;395.63;7.22
Reading;-710.675;42.326;24.8;0.03659;25;4.86;0;0.426;63.020.000.000.000.000;32.2;54.007;4;281;19;396.9;6.72
Reading;-710.575;42.317;22.9;0.03551;25;4.86;0;0.426;6.167.000.000.000.000;46.7;54.007;4;281;19;390.64;7.51
Wakefield;-71.043;423.075;23.9;0.05059;0;4.49;0;0.449;63.889.999.999.999.900;48;47.794;3;247;18.5;396.9;9.62
Wakefield;-71.05;42.3;26.6;0.05735;0;4.49;0;0.449;6.63;56.1;44.377;3;247;18.5;392.3;6.53
Wakefield;-71.033;42.305;22.5;0.05188;0;4.49;0;0.449;6.015;45.1;44.272;3;247;18.5;395.99;12.86
Wakefield;-71.039;422.885;22.2;0.07151;0;4.49;0;0.449;6.121;56.8;37.476;3;247;18.5;395.15;8.44
Melrose;-71.042;422.796;23.6;0.0566;0;3.41;0;0.489;70.070.000.000.000.000;86.3;34.217;2;270;17.8;396.9;5.5
Melrose;-710.345;422.785;28.7;0.053020000000000005;0;3.41;0;0.489;7.079;63.1;34.145;2;270;17.8;396.06;5.7
Melrose;-71.03;42.272;22.6;0.04684;0;3.41;0;0.489;6.417.000.000.000.000;66.1;30.923;2;270;17.8;392.18;8.81
Melrose;-710.425;422.715;22;0.03932;0;3.41;0;0.489;6.405;73.9;30.921;2;270;17.8;393.55;8.2
Stoneham;-71.053;42.283;22.9;0.04203;28;15.04;0;0.464;6.442;53.6;36.659;4;270;18.2;395.01;8.16
Stoneham;-71.062;4.229.600.000.000.000;25;0.02875;28;15.04;0;0.464;6.211;28.9;36.659;4;270;18.2;396.33;6.21
Stoneham;-710.615;42.284;20.6;0.04294;28;15.04;0;0.464;6.249;77.3;3.615;4;270;18.2;396.9;10.59
Winchester;-7.107.600.000.000.000;422.775;28.4;0.12204;0;2.89;0;0.445;6.625;57.8;34.952;2;276;18;357.98;6.65
Winchester;-71.085;422.775;21.4;0.11504;0;2.89;0;0.445;61.629.999.999.999.900;69.6;34.952;2;276;18;391.83;11.34
Winchester;-71.089;422.715;38.7;0.12083;0;2.89;0;0.445;8.068.999.999.999.990;76;34.952;2;276;18;396.9;4.21
Winchester;-710.982;422.685;43.8;0.08187;0;2.89;0;0.445;7.82;36.9;34.952;2;276;18;393.53;3.57
Winchester;-71.08;42.268;33.2;0.0686;0;2.89;0;0.445;7.416;62.5;34.952;2;276;18;396.9;6.19
Medford;-710.668;422.545;27.5;0.14866;0;8.56;0;0.52;6.727;79.9;27.778;5;384;20.9;394.76;9.42
Medford;-71.081;42.245;26.5;0.11432;0;8.56;0;0.52;67.810.000.000.000.000;71.3;28.561;5;384;20.9;395.58;7.67
Medford;-710.812;422.515;18.6;0.22876;0;8.56;0;0.52;6.405;85.4;27.147;5;384;20.9;70.8;10.63
Medford;-71.077;42.248.999.999.999.900;19.3;0.21161;0;8.56;0;0.52;61.370.000.000.000.000;87.4;27.147;5;384;20.9;394.47;13.44
Medford;-71.069;42.248.000.000.000.000;20.1;0.1396;0;8.56;0;0.52;6.167.000.000.000.000;90;2.421;5;384;20.9;392.69;12.33
Medford;-710.662;422.425;19.5;0.13262000000000002;0;8.56;0;0.52;5.851;96.7;21.069;5;384;20.9;394.05;16.47
Medford;-710.622;422.431;19.5;0.1712;0;8.56;0;0.52;5.836;91.9;2.211;5;384;20.9;395.67;18.66
Medford;-710.553;422.465;20.4;0.13117;0;8.56;0;0.52;6.127.000.000.000.000;85.2;21.224;5;384;20.9;387.69;14.09
Medford;-71.055;422.505;19.8;0.12802;0;8.56;0;0.52;6.474;97.1;24.329;5;384;20.9;395.24;12.27
Medford;-71.06;42.254;19.4;0.26363000000000003;0;8.56;0;0.52;6.229;91.2;25.451;5;384;20.9;391.23;15.55
Medford;-71.056;422.605;21.7;0.10793;0;8.56;0;0.52;6.195;54.4;27.778;5;384;20.9;393.49;13
Malden;-710.475;42.261;22.8;0.10084;0;10.01;0;0.547;6.715;81.6;26.775;6;432;17.8;395.59;10.16
Malden;-7.104.899.999.999.990;42.253;18.8;0.12329;0;10.01;0;0.547;59.129.999.999.999.900;92.9;23.534;6;432;17.8;394.95;16.21
Malden;-710.428;42.258;18.7;0.22212;0;10.01;0;0.547;60.920.000.000.000.000;95.4;2.548;6;432;17.8;396.9;17.09
Malden;-710.396;422.512;18.5;0.14231;0;10.01;0;0.547;6.254;84.2;22.565;6;432;17.8;388.74;10.45
Malden;-710.355;422.545;18.3;0.17134000000000002;0;10.01;0;0.547;5.928;88.2;24.631;6;432;17.8;344.91;15.76
Malden;-71.036;422.608;21.2;0.13158;0;10.01;0;0.547;6.176;72.5;27.301;6;432;17.8;393.3;12.04
Malden;-710.285;42.262;19.2;0.15098;0;10.01;0;0.547;6.021;82.6;27.474;6;432;17.8;394.51;10.3
Malden;-710.285;42.258;20.4;0.13058;0;10.01;0;0.547;5.872.000.000.000.000;73.1;24.775;6;432;17.8;338.63;15.37
Malden;-7.101.899.999.999.990;422.605;19.3;0.14476;0;10.01;0;0.547;5.731;65.2;27.592;6;432;17.8;391.5;13.61
Everett;-710.243;422.483;22;0.06899;0;25.65;0;0.581;5.87;69.7;22.577;2;188;19.1;389.15;14.37
Everett;-710.312;422.505;20.3;0.07165;0;25.65;0;0.581;6.004;84.1;21.974;2;188;19.1;377.67;14.27
Everett;-710.377;42.247;20.5;0.09299;0;25.65;0;0.581;5.961;92.9;20.869;2;188;19.1;378.09;17.93
Everett;-7.103.699.999.999.990;422.435;17.3;0.15038;0;25.65;0;0.581;5.856;97;19.444;2;188;19.1;370.31;25.41
Everett;-710.308;42.245;18.8;0.09849;0;25.65;0;0.581;5.879;95.8;20.063;2;188;19.1;379.38;17.58
Everett;-710.262;422.431;21.4;0.16902;0;25.65;0;0.581;59.860.000.000.000.000;88.4;19.929;2;188;19.1;385.02;14.81
Everett;-710.333;422.395;15.7;0.38735;0;25.65;0;0.581;5.613;95.6;17.572;2;188;19.1;359.29;27.26
Somerville;-71.053;422.355;16.2;0.25915;0;21.89;0;0.624;5.693;96;17.883;4;437;21.2;392.11;17.19
Somerville;-71.058;42.235;18;0.32543;0;21.89;0;0.624;6.431;98.8;18.125;4;437;21.2;396.9;15.39
Somerville;-710.638;422.368;14.3;0.88125;0;21.89;0;0.624;56.370.000.000.000.000;94.7;19.799;4;437;21.2;396.9;18.34
Somerville;-710.692;42.239;19.2;0.34006;0;21.89;0;0.624;6.457.999.999.999.990;98.9;21.185;4;437;21.2;395.04;12.6
Somerville;-71.075;42.24;19.6;119.294;0;21.89;0;0.624;63.260.000.000.000.000;97.7;2.271;4;437;21.2;396.9;12.26
Somerville;-710.745;422.405;23;0.59005;0;21.89;0;0.624;6.372.000.000.000.000;97.9;23.274;4;437;21.2;385.76;11.12
Somerville;-71.079;42.245;18.4;0.32982;0;21.89;0;0.624;5.822;95.4;24.699;4;437;21.2;388.69;15.03
Somerville;-7.107.600.000.000.000;422.405;15.6;0.97617;0;21.89;0;0.624;57.570.000.000.000.000;98.4;2.346;4;437;21.2;262.76;17.31
Somerville;-71.075;422.362;18.1;0.55778;0;21.89;0;0.624;6.335;98.2;21.107;4;437;21.2;394.67;16.96
Somerville;-710.677;422.335;17.4;0.32264;0;21.89;0;0.624;5.942;93.5;19.669;4;437;21.2;378.25;16.9
Somerville;-71.063;422.325;17.1;0.35233000000000003;0;21.89;0;0.624;6.454;98.4;18.498;4;437;21.2;394.08;14.59
Somerville;-71.062;422.275;13.3;0.2498;0;21.89;0;0.624;5.857;98.2;16.686;4;437;21.2;392.04;21.32
Somerville;-710.568;42.23;17.8;0.54452;0;21.89;0;0.624;6.151;97.9;16.687;4;437;21.2;396.9;18.46
Somerville;-710.518;422.312;14;0.2909;0;21.89;0;0.624;6.174;93.6;16.119;4;437;21.2;388.08;24.16
Somerville;-710.543;422.265;14.4;162.864;0;21.89;0;0.624;5.019;100;14.394;4;437;21.2;396.9;34.41
Cambridge;-71.048;422.222;13.4;332.105;0;19.58;1;0.871;5.403;100;13.216;5;403;14.7;396.9;26.82
Cambridge;-710.519;42.223;15.6;40.974;0;19.58;0;0.871;5.468;100;14.118;5;403;14.7;396.9;26.42
Cambridge;-71.051;422.205;11.8;27.797.400.000.000.000;0;19.58;0;0.871;49.030.000.000.000.000;97.8;13.459;5;403;14.7;396.9;29.29
Cambridge;-71.054;42.218.999.999.999.900;13.8;237.934;0;19.58;0;0.871;6.13;100;14.191;5;403;14.7;172.91;27.8
Cambridge;-71.059;42.221.000.000.000.000;15.6;215.505;0;19.58;0;0.871;5.627.999.999.999.990;100;15.166;5;403;14.7;169.27;16.65
Cambridge;-710.555;422.222;14.6;236.862;0;19.58;0;0.871;4.926;95.7;14.608;5;403;14.7;391.71;29.53
Cambridge;-710.567;42.224;17.8;23.309.900.000.000.000;0;19.58;0;0.871;5.186;93.8;15.296;5;403;14.7;356.99;28.32
Cambridge;-71.058;42.223;15.4;273.397;0;19.58;0;0.871;5.597;94.9;15.257;5;403;14.7;351.85;21.45
Cambridge;-71.062;422.236;21.5;16.566;0;19.58;0;0.871;6.122.000.000.000.000;97.3;1.618;5;403;14.7;372.8;14.1
Cambridge;-710.622;422.205;19.6;149.632;0;19.58;0;0.871;5.404;100;15.916;5;403;14.7;341.6;13.28
Cambridge;-71.059;42.217;15.3;112.658;0;19.58;1;0.871;5.012;88;16.102;5;403;14.7;343.28;12.12
Cambridge;-710.645;42.215;19.4;214.918;0;19.58;0;0.871;5.709;98.5;16.232;5;403;14.7;261.95;15.79
Cambridge;-710.662;422.162;17;141.385;0;19.58;1;0.871;6.129;96;17.494;5;403;14.7;321.02;15.12
Cambridge;-71.068;42.215;15.6;353.501;0;19.58;1;0.871;6.152;82.6;17.455;5;403;14.7;88.01;15.02
Cambridge;-710.667;42.22;13.1;244.668;0;19.58;0;0.871;5.272;94;17.364;5;403;14.7;88.63;16.14
Cambridge;-71.069;422.285;41.3;122.358;0;19.58;0;0.605;6.943;97.4;18.773;5;403;14.7;363.43;4.59
Cambridge;-71.067;422.245;24.3;134.284;0;19.58;0;0.605;6.066;100;17.573;5;403;14.7;353.89;6.43
Cambridge;-71.065;422.223;23.3;14.250.200.000.000.000;0;19.58;0;0.871;6.51;100;17.659;5;403;14.7;364.31;7.39
Cambridge;-71.07;422.214;27;127.346;0;19.58;1;0.605;6.25;92.6;17.984;5;403;14.7;338.92;5.5
Cambridge;-710.735;422.282;50;146.336;0;19.58;0;0.605;7.489;90.8;19.709;5;403;14.7;374.43;1.73
Cambridge;-71.077;42.225;50;183.377;0;19.58;1;0.605;7.802;98.2;20.407;5;403;14.7;389.61;1.92
Cambridge;-710.815;42.225;50;151.902;0;19.58;1;0.605;8.375;93.9;2.162;5;403;14.7;388.45;3.32
Cambridge;-710.918;422.265;22.7;224.236;0;19.58;0;0.605;5.854;91.8;24.219.999.999.999.900;5;403;14.7;395.11;11.64
Cambridge;-71.082;422.295;25;2.924;0;19.58;0;0.605;6.101;93;22.834;5;403;14.7;240.16;9.81
Cambridge;-71.077;422.305;50;201.019;0;19.58;0;0.605;79.289.999.999.999.900;96.2;20.459;5;403;14.7;369.3;3.7
Cambridge;-710.866;422.345;23.8;180.028;0;19.58;0;0.605;5.877.000.000.000.000;79.2;24.259;5;403;14.7;227.61;12.14
Cambridge;-71.074;422.331;23.8;23.004;0;19.58;0;0.605;6.319;96.1;2.1;5;403;14.7;297.09;11.1
Cambridge;-710.775;422.351;22.3;244.953;0;19.58;0;0.605;6.402;95.2;22.625;5;403;14.7;330.04;11.32
Cambridge;-71.081;422.368;17.4;12.074.200.000.000.000;0;19.58;0;0.605;5.875;94.6;24.259;5;403;14.7;292.29;14.43
Cambridge;-710.792;42.239;19.1;23.139;0;19.58;0;0.605;5.88;97.3;23.887;5;403;14.7;348.13;12.03
Arlington;-71.087;422.416;23.1;0.13914;0;4.05;0;0.51;5.572;88.5;25.961;5;296;16.6;396.9;14.69
Arlington;-710.855;42.245;23.6;0.09178;0;4.05;0;0.51;6.416;84.1;26.463;5;296;16.6;395.5;9.04
Arlington;-710.833;422.475;22.6;0.08447;0;4.05;0;0.51;5.859;68.7;27.019;5;296;16.6;393.23;9.64
Arlington;-71.094;422.575;29.4;0.06663999999999999;0;4.05;0;0.51;6.546;33.1;31.323;5;296;16.6;390.96;5.33
Arlington;-711.125;42.255;23.2;0.07022;0;4.05;0;0.51;6.02;47.2;35.549;5;296;16.6;393.23;10.11
Arlington;-7.110.600.000.000.000;422.512;24.6;0.05425;0;4.05;0;0.51;6.315;73.4;33.175;5;296;16.6;395.6;6.29
Arlington;-710.965;42.247;29.9;0.06642;0;4.05;0;0.51;6.86;74.4;29.153;5;296;16.6;391.27;6.92
Belmont;-71.1;422.408;37.2;0.0578;0;2.46;0;0.488;6.98;58.4;28.289.999.999.999.900;3;193;17.8;396.9;5.04
Belmont;-710.995;422.345;39.8;0.06588;0;2.46;0;0.488;7.765;83.3;2.741;3;193;17.8;395.56;7.56
Belmont;-710.966;422.282;36.2;0.06888;0;2.46;0;0.488;6.144;62.2;25.979;3;193;17.8;396.9;9.45
Belmont;-711.005;422.287;37.9;0.09103;0;2.46;0;0.488;7.155;92.2;27.006;3;193;17.8;394.12;4.82
Belmont;-711.065;42.23;32.5;0.10008;0;2.46;0;0.488;6.563;95.6;2.847;3;193;17.8;396.9;5.68
Belmont;-71.112;42.23;26.4;0.08308;0;2.46;0;0.488;5.604;89.8;29.879;3;193;17.8;391;13.98
Belmont;-711.175;42.235;29.6;0.06047;0;2.46;0;0.488;6.153;68.8;32.797;3;193;17.8;387.11;13.15
Belmont;-711.115;422.442;50;0.056020000000000014;0;2.46;0;0.488;7.831;53.6;31.992;3;193;17.8;392.63;4.45
Lexington;-71.122;422.565;32;0.07875;45;3.44;0;0.4370000000000001;6.782;41.1;37.886;5;398;15.2;393.87;6.68
Lexington;-711.408;42.255;29.8;0.12579;45;3.44;0;0.4370000000000001;6.556;29.1;45.667;5;398;15.2;382.84;4.56
Lexington;-71.145;422.651;34.9;0.0837;45;3.44;0;0.4370000000000001;7.185;38.9;45.667;5;398;15.2;396.9;5.39
Lexington;-711.216;42.27;33;0.09068;45;3.44;0;0.4370000000000001;69.510.000.000.000.000;21.5;64.798;5;398;15.2;377.68;5.1
Lexington;-711.485;422.765;30.5;0.06911;45;3.44;0;0.4370000000000001;6.739;30.8;64.798;5;398;15.2;389.71;4.69
Lexington;-71.134;422.785;36.4;0.08664;45;3.44;0;0.4370000000000001;7.178;26.3;64.798;5;398;15.2;390.49;2.87
Bedford;-711.525;42.3;31.1;0.02187;60;2.93;0;0.401;6.8;9.9;62.196;1;265;15.6;393.37;5.03
Bedford;-711.633;42.303.000.000.000.000;29.1;0.01439;60;2.93;0;0.401;6.604;18.8;62.196;1;265;15.6;376.7;4.38
Lincoln;-71.189;422.525;50;0.01381;80;0.46;0;0.422;7.875;32;56.484;4;255;14.4;394.23;2.97
Concord;-71.22;422.715;33.3;0.04011;80;1.52;0;0.404;7.287.000.000.000.000;34.1;7.309;2;329;12.6;396.9;4.08
Concord;-71.24;422.725;30.3;0.04666;80;1.52;0;0.404;7.107;36.6;7.309;2;329;12.6;354.31;8.61
Concord;-71.222;42.288.999.999.999.900;34.6;0.03768;80;1.52;0;0.404;7.274;38.3;7.309;2;329;12.6;392.2;6.62
Sudbury;-71.244;422.425;34.9;0.0315;95;1.47;0;0.403;6.975;15.3;76.534;3;402;17;396.9;4.56
Sudbury;-71.263;422.225;32.9;0.01778;95;1.47;0;0.403;7.135;13.9;76.534;3;402;17;384.3;4.45
Wayland;-712.185;421.955;24.1;0.03445;82.5;2.03;0;0.415;6.162.000.000.000.000;38.4;6.27;2;348;14.7;393.77;7.43
Wayland;-71.214;42.218;42.3;0.02177;82.5;2.03;0;0.415;7.61;15.7;6.27;2;348;14.7;395.38;3.11
Weston;-71.199;42.232;48.5;0.0351;95;2.68;0;0.4161;7.853;33.2;5.118;4;224;14.7;392.78;3.81
Weston;-71.199;422.058;50;0.02009;95;2.68;0;0.4161;8.033.999.999.999.990;31.9;5.118;4;224;14.7;390.55;2.88
Waltham;-711.475;422.445;22.6;0.13642;0;10.59;0;0.489;5.891;22.3;39.454;4;277;18.6;396.9;10.87
Waltham;-71.15;422.308;24.4;0.22969;0;10.59;0;0.489;63.260.000.000.000.000;52.5;43.549;4;277;18.6;394.87;10.97
Waltham;-71.149;422.268;22.5;0.25199;0;10.59;0;0.489;5.783;72.7;43.549;4;277;18.6;389.43;18.06
Waltham;-711.503;42.222;24.4;0.13587;0;10.59;1;0.489;6.064;59.1;42.392;4;277;18.6;381.32;14.66
Waltham;-71.143;422.217;20;0.43571;0;10.59;1;0.489;53.439.999.999.999.900;100;3.875;4;277;18.6;396.9;23.09
Waltham;-711.435;422.177;21.7;0.17446;0;10.59;1;0.489;5.96;92.1;38.771;4;277;18.6;393.25;17.27
Waltham;-71.138;422.216;19.3;0.37578;0;10.59;1;0.489;5.404;88.6;3.665;4;277;18.6;395.24;23.98
Waltham;-711.335;42.225;22.4;0.21719;0;10.59;1;0.489;5.807;53.8;36.526;4;277;18.6;390.94;16.03
Waltham;-711.375;422.355;28.1;0.14052;0;10.59;0;0.489;6.375;32.3;39.454;4;277;18.6;385.81;9.38
Waltham;-71.127;42.235;23.7;0.28955;0;10.59;0;0.489;5.412.000.000.000.000;9.8;35.875;4;277;18.6;348.93;29.55
Waltham;-711.245;422.277;25;0.19802;0;10.59;0;0.489;6.182;42.4;39.454;4;277;18.6;393.63;9.47
Watertown;-711.166;42.223;23.3;0.0456;0;13.89;1;0.55;5.888;56;31.121;5;276;16.4;392.8;13.51
Watertown;-71.105;422.235;28.7;0.07013;0;13.89;0;0.55;6.642;85.1;34.211;5;276;16.4;392.78;9.69
Watertown;-710.933;42.222;21.5;0.11069;0;13.89;1;0.55;59.510.000.000.000.000;93.8;28.893;5;276;16.4;396.9;17.92
Watertown;-7.110.600.000.000.000;422.185;23;0.11425;0;13.89;1;0.55;6.372.999.999.999.990;92.4;33.633;5;276;16.4;393.74;10.5
Newton;-71.11;422.137;26.7;0.35809;0;6.2;1;0.507;69.510.000.000.000.000;88.5;28.617;8;307;17.4;391.7;9.71
Newton;-7.112.100.000.000.000;422.166;21.7;0.40771;0;6.2;1;0.507;6.164;91.3;3.048;8;307;17.4;395.24;21.46
Newton;-71.125;422.134;27.5;0.62356;0;6.2;1;0.507;6.879;77.7;32.721;8;307;17.4;390.39;9.93
Newton;-711.208;422.183;30.1;0.6147;0;6.2;0;0.507;66.179.999.999.999.900;80.8;32.721;8;307;17.4;396.9;7.6
Newton;-71.11;42.206;44.8;0.31533;0;6.2;0;0.504;8.266;78.3;28.944;8;307;17.4;385.05;4.14
Newton;-711.012;421.975;50;0.52693;0;6.2;0;0.504;8.725;83;28.944;8;307;17.4;382;4.63
Newton;-711.215;422.025;37.6;0.38214;0;6.2;0;0.504;8.04;86.5;32.157;8;307;17.4;387.38;3.13
Newton;-71.116;421.947;31.6;0.41238;0;6.2;0;0.504;71.629.999.999.999.900;79.9;32.157;8;307;17.4;372.08;6.36
Newton;-71.11;42.185;46.7;0.29819;0;6.2;0;0.504;7.686;17;33.751;8;307;17.4;377.51;3.92
Newton;-71.119;421.807;31.5;0.44178;0;6.2;0;0.504;65.520.000.000.000.000;21.4;33.751;8;307;17.4;380.34;3.76
Newton;-71.13;42.188;24.3;0.537;0;6.2;0;0.504;5.981;68.1;36.715;8;307;17.4;378.35;11.65
Newton;-711.285;42.193.000.000.000.000;31.7;0.46296;0;6.2;0;0.504;7.412.000.000.000.000;76.9;36.715;8;307;17.4;376.14;5.25
Newton;-71.14;421.946;41.7;0.57529;0;6.2;0;0.507;8.337;73.3;38.384;8;307;17.4;385.91;2.47
Newton;-71.134;4.220.399.999.999.990;48.3;0.33147;0;6.2;0;0.507;8.247;70.4;36.519;8;307;17.4;378.95;3.95
Newton;-71.132;422.142;29;0.44791;0;6.2;1;0.507;6.726;66.5;36.519;8;307;17.4;360.2;8.05
Newton;-71.138;422.141;24;0.33045;0;6.2;0;0.507;6.086;61.5;36.519;8;307;17.4;376.75;10.88
Newton;-711.485;42.211.000.000.000.000;25.1;0.52058;0;6.2;1;0.507;6.631;76.5;4.148;8;307;17.4;388.45;9.54
Newton;-711.491;42.203;31.5;0.51183;0;6.2;0;0.507;7.358;71.6;4.148;8;307;17.4;390.07;4.73
Natick;-712.055;421.875;23.7;0.08244;30;4.93;0;0.428;6.481;18.5;61.899;6;300;16.6;379.41;6.36
Natick;-712.035;42.187;23.3;0.09252;30;4.93;0;0.428;6.606;42.2;61.899;6;300;16.6;383.78;7.37
Natick;-711.966;42.163.999.999.999.900;27;0.11329000000000003;30;4.93;0;0.428;6.897;54.3;63.361;6;300;16.6;391.25;11.38
Natick;-712.138;421.645;20.1;0.10612;30;4.93;0;0.428;6.095;65.1;63.361;6;300;16.6;394.62;12.4
Natick;-71.22;421.782;22.2;0.1029;30;4.93;0;0.428;6.358;52.9;70.355;6;300;16.6;372.75;11.22
Natick;-71.232;421.725;23.7;0.12757000000000002;30;4.93;0;0.428;6.393;7.8;70.355;6;300;16.6;374.71;5.19
Framingham;-712.435;42.163.000.000.000.000;17.6;0.20608;22;5.86;0;0.431;5.593;76.5;79.549;7;330;19.1;372.49;12.5
Framingham;-712.575;421.618;18.5;0.19133;22;5.86;0;0.431;5.605;70.2;79.549;7;330;19.1;389.13;18.46
Framingham;-71.262;42.169;24.3;0.33983;22;5.86;0;0.431;6.108;34.9;80.555;7;330;19.1;390.18;9.16
Framingham;-71.247;421.703;20.5;0.19657;22;5.86;0;0.431;6.226;79.2;80.555;7;330;19.1;376.14;10.15
Framingham;-71.255;421.767;24.5;0.16439;22;5.86;0;0.431;6.433;49.1;78.265;7;330;19.1;374.71;9.52
Framingham;-712.475;421.825;26.2;0.19073;22;5.86;0;0.431;6.718;17.5;78.265;7;330;19.1;393.74;6.56
Framingham;-71.238;42.191;24.4;0.1403;22;5.86;0;0.431;6.487;13;73.967;7;330;19.1;396.28;5.9
Framingham;-712.435;421.982;24.8;0.21409;22;5.86;0;0.431;6.438;8.9;73.967;7;330;19.1;377.07;3.59
Framingham;-712.685;421.935;29.6;0.08221;22;5.86;0;0.431;6.957.000.000.000.000;6.8;89.067;7;330;19.1;386.09;3.53
Framingham;-712.807;421.727;42.8;0.36894;22;5.86;0;0.431;8.259;8.4;89.067;7;330;19.1;396.9;3.54
Ashland;-712.895;421.575;21.9;0.04819;80;3.64;0;0.392;6.108;32;92.203;1;315;16.4;392.89;6.57
Ashland;-7.126.899.999.999.990;421.482;20.9;0.035480000000000005;80;3.64;0;0.392;5.876;19.1;92.203;1;315;16.4;395.18;9.25
Sherborn;-71.223;42.145;44;0.01538;90;3.75;0;0.394;7.454;34.2;63.361;3;244;15.9;386.34;3.11
Brookline;-710.679;422.073;50;0.61154;20;3.97;0;0.647;8.704;86.9;1.801;5;264;13;389.7;5.12
Brookline;-710.727;422.077;36;0.66351;20;3.97;0;0.647;7.332.999.999.999.990;100;18.946;5;264;13;383.29;7.79
Brookline;-710.765;422.075;30.1;0.65665;20;3.97;0;0.647;68.420.000.000.000.000;100;20.107;5;264;13;391.93;6.9
Brookline;-71.08;4.220.399.999.999.990;33.8;0.5401100000000001;20;3.97;0;0.647;72.029.999.999.999.900;81.8;21.121;5;264;13;392.8;9.59
Brookline;-71.079;42.202;43.1;0.5341199999999999;20;3.97;0;0.647;7.52;89.4;21.398;5;264;13;388.37;7.26
Brookline;-710.835;42.2;48.8;0.5201399999999999;20;3.97;0;0.647;8.398;91.5;22.885;5;264;13;386.86;5.91
Brookline;-71.075;42.198;31;0.82526;20;3.97;0;0.647;7.327.000.000.000.000;94.5;20.788;5;264;13;393.42;11.25
Brookline;-71.071;42.203;36.5;0.55007;20;3.97;0;0.647;7.206;91.6;19.301;5;264;13;387.89;8.1
Brookline;-71.07;42.2;22.8;0.76162;20;3.97;0;0.647;5.56;62.8;19.865;5;264;13;392.4;10.45
Brookline;-710.725;421.965;30.7;0.7857;20;3.97;0;0.647;70.139.999.999.999.900;84.6;21.329;5;264;13;384.07;14.79
Brookline;-71.085;421.925;50;0.57834;20;3.97;0;0.575;8.297;67;24.216;5;264;13;384.54;7.44
Brookline;-710.925;422.075;43.5;0.5405;20;3.97;0;0.575;7.47;52.6;2.872;5;264;13;390.3;3.16
Dedham;-71.098;42.153.999.999.999.900;20.7;0.09065;20;6.96;1;0.464;5.92;61.5;39.175;3;223;18.6;391.34;13.65
Dedham;-71.087;42.141.000.000.000.000;21.1;0.29916;20;6.96;0;0.464;5.856;42.1;4.428.999.999.999.990;3;223;18.6;388.65;13
Dedham;-71.094;421.355;25.2;0.16211;20;6.96;0;0.464;6.24;16.3;4.428.999.999.999.990;3;223;18.6;396.9;6.59
Dedham;-710.982;421.445;24.4;0.1146;20;6.96;0;0.464;65.379.999.999.999.900;58.7;39.175;3;223;18.6;394.96;7.73
Dedham;-71.117;42.151;35.2;0.22188;20;6.96;1;0.464;7.691;51.8;43.665;3;223;18.6;390.77;6.58
Needham;-711.305;421.675;32.4;0.05644;40;6.41;1;0.447;6.757.999.999.999.990;32.9;40.776;4;254;17.6;396.9;3.53
Needham;-71.138;421.733;32;0.09604;40;6.41;0;0.447;6.854;42.8;42.673;4;254;17.6;396.9;2.98
Needham;-711.405;421.632;33.2;0.10469;40;6.41;1;0.447;7.267;49;47.872;4;254;17.6;389.25;6.05
Needham;-711.495;42.173;33.1;0.06127000000000001;40;6.41;1;0.447;68.260.000.000.000.000;27.6;48.628;4;254;17.6;393.45;4.16
Needham;-711.395;421.813;29.1;0.07977999999999999;40;6.41;0;0.447;6.482;32.1;41.403;4;254;17.6;396.9;7.19
Wellesley;-71.148;42.188;35.1;0.21038;20;3.33;0;0.4429;6.812;32.2;41.007;5;216;14.9;396.9;4.85
Wellesley;-71.166;42.187;45.4;0.03578;20;3.33;0;0.4429;7.82;64.5;46.947;5;216;14.9;387.31;3.76
Wellesley;-71.185;421.848;35.4;0.03705;20;3.33;0;0.4429;6.968;37.2;52.447;5;216;14.9;392.23;4.59
Wellesley;-711.775;421.735;46;0.06129;20;3.33;1;0.4429;7.645;49.7;52.119;5;216;14.9;377.07;3.01
Dover;-71.173;421.475;50;0.01501;90;1.21;1;0.401;7.922.999.999.999.990;24.8;5.885;1;198;13.6;395.52;3.16
Medfield;-71.18;421.105;32.2;0.00906;90;2.97;0;0.4;7.087.999.999.999.990;20.8;73.073;1;285;15.3;394.72;7.85
Millis;-712.135;42.1;22;0.01096;55;2.25;0;0.389;64.529.999.999.999.900;31.9;73.073;1;300;15.3;394.72;8.23
Norfolk;-71.195;420.675;20.1;0.01965;80;1.76;0;0.385;6.23;31.5;90.892;1;241;18.2;341.6;12.93
Walpole;-71.148;420.775;23.2;0.03871;52.5;5.32;0;0.405;6.209;31.3;73.172;6;293;16.6;396.9;7.14
Walpole;-711.325;42.093.999.999.999.900;22.3;0.0459;52.5;5.32;0;0.405;6.315;45.6;73.172;6;293;16.6;396.9;7.6
Walpole;-71.155;42.098;24.8;0.04297;52.5;5.32;0;0.405;6.565;22.9;73.172;6;293;16.6;371.72;9.51
Westwood;-711.385;421.235;28.5;0.03502;80;4.95;0;0.411;68.610.000.000.000.000;27.9;51.167;4;245;19.2;396.9;3.33
Westwood;-71.133;421.408;37.3;0.07886;80;4.95;0;0.411;7.148;27.7;51.167;4;245;19.2;396.9;3.56
Westwood;-71.107;421.307;27.9;0.03615;80;4.95;0;0.411;6.63;23.4;51.167;4;245;19.2;396.9;4.7
Norwood;-71.109;42.11;23.9;0.08265;0;13.92;0;0.4370000000000001;6.127.000.000.000.000;18.4;55.027;4;289;16;396.9;8.58
Norwood;-71.118;421.217;21.7;0.08199;0;13.92;0;0.4370000000000001;6.009;42.3;55.027;4;289;16;396.9;10.4
Norwood;-711.309;421.166;28.6;0.12932000000000002;0;13.92;0;0.4370000000000001;6.678;31.1;59.604;4;289;16;396.9;6.27
Norwood;-71.128;421.108;27.1;0.05372;0;13.92;0;0.4370000000000001;6.549;51;59.604;4;289;16;392.85;7.39
Norwood;-7.112.100.000.000.000;421.025;20.3;0.14103;0;13.92;0;0.4370000000000001;5.79;58;6.32;4;289;16;396.9;15.84
Sharon;-71.12;420.725;22.5;0.06466000000000001;70;2.24;0;0.4;6.345;20.1;78.278;5;358;14.8;368.24;4.97
Sharon;-71.1;42.059;29;0.05561;70;2.24;0;0.4;7.041;10;78.278;5;358;14.8;371.58;4.74
Sharon;-711.035;420.735;24.8;0.04417;70;2.24;0;0.4;6.871;47.4;78.278;5;358;14.8;390.86;6.07
Canton;-710.875;42.095;22;0.03537;34;6.09;0;0.433;6.59;40.4;54.917;7;329;16.1;395.75;9.5
Canton;-710.625;42.102;26.4;0.09266;34;6.09;0;0.433;6.495;18.4;54.917;7;329;16.1;383.61;8.67
Canton;-710.865;42.12;33.1;0.1;34;6.09;0;0.433;6.982;17.7;54.917;7;329;16.1;390.43;4.86
Milton;-710.465;42.145;36.1;0.05515;33;2.18;0;0.472;72.360.000.000.000.000;41.1;4.022;7;222;18.4;393.68;6.93
Milton;-71.057;421.525;28.4;0.05479;33;2.18;0;0.472;66.160.000.000.000.000;58.1;3.37;7;222;18.4;393.36;8.93
Milton;-71.045;42.159;33.4;0.07503;33;2.18;0;0.472;7.42;71.9;30.992;7;222;18.4;396.9;6.47
Milton;-71.028;421.565;28.2;0.04932;33;2.18;0;0.472;6.849;70.3;31.827;7;222;18.4;396.9;7.53
Quincy;-710.138;421.555;22.8;0.49298;0;9.9;0;0.544;6.635;82.5;33.175;4;304;18.4;396.9;4.54
Quincy;-710.201;42.16;20.3;0.3494;0;9.9;0;0.544;5.972;76.7;31.025;4;304;18.4;396.24;9.97
Quincy;-71.016;42.176;16.1;263.548;0;9.9;0;0.544;4.973;37.8;25.194;4;304;18.4;350.45;12.64
Quincy;-710.075;42.178.000.000.000.000;22.1;0.7904100000000001;0;9.9;0;0.544;6.122.000.000.000.000;52.8;26.403;4;304;18.4;396.9;5.98
Quincy;-71.015;42.167;19.4;0.26169000000000003;0;9.9;0;0.544;6.023;90.4;28.339.999.999.999.900;4;304;18.4;396.3;11.72
Quincy;-710.075;421.613;21.6;0.26938;0;9.9;0;0.544;6.266;82.8;32.628;4;304;18.4;393.39;7.9
Quincy;-71;42.153;23.8;0.3692;0;9.9;0;0.544;6.567;87.3;36.023;4;304;18.4;395.69;9.28
Quincy;-709.795;42.158;16.2;0.25356;0;9.9;0;0.544;5.705;77.7;3.945;4;304;18.4;396.42;11.5
Quincy;-70.988;421.485;17.8;0.31827;0;9.9;0;0.544;5.914;83.2;39.986;4;304;18.4;390.7;18.33
Quincy;-7.100.399.999.999.990;421.425;19.8;0.24522;0;9.9;0;0.544;5.782;71.7;40.317;4;304;18.4;396.9;15.94
Quincy;-71.01;42.15;23.1;0.40202;0;9.9;0;0.544;63.820.000.000.000.000;67.2;35.325;4;304;18.4;395.21;10.36
Quincy;-71.02;42.151;21;0.47547;0;9.9;0;0.544;6.113;58.8;40.019;4;304;18.4;396.23;12.73
Braintree;-710.085;42.129;23.8;0.1676;0;7.38;0;0.493;6.426;52.3;45.404;5;287;19.6;396.9;7.2
Braintree;-709.975;4.213.399.999.999.990;23.1;0.18159;0;7.38;0;0.493;6.376;54.3;45.404;5;287;19.6;396.9;6.87
Braintree;-70.99;421.367;20.4;0.35114;0;7.38;0;0.493;6.041;49.9;47.211;5;287;19.6;396.9;7.7
Braintree;-709.834;421.375;18.5;0.28392;0;7.38;0;0.493;5.707.999.999.999.990;74.3;47.211;5;287;19.6;391.13;11.74
Braintree;-709.895;421.265;25;0.34109;0;7.38;0;0.493;6.415;40.1;47.211;5;287;19.6;396.9;6.12
Braintree;-71;421.066;24.6;0.19186;0;7.38;0;0.493;6.431;14.7;54.159;5;287;19.6;393.68;5.08
Braintree;-709.995;421.175;23;0.30347;0;7.38;0;0.493;6.312;28.9;54.159;5;287;19.6;396.9;6.15
Braintree;-71.01;421.215;22.2;0.24103;0;7.38;0;0.493;6.082.999.999.999.990;43.7;54.159;5;287;19.6;396.9;12.79
Randolph;-710.275;42.113;19.3;0.06617;0;3.24;0;0.46;58.679.999.999.999.900;25.8;52.146;4;430;16.9;382.44;9.97
Randolph;-710.415;42.115;22.6;0.06724;0;3.24;0;0.46;6.332.999.999.999.990;17.2;52.146;4;430;16.9;375.21;7.34
Randolph;-71.025;42.098;19.8;0.04544;0;3.24;0;0.46;6.144;32.2;58.736;4;430;16.9;368.57;9.09
Holbrook;-710.115;420.865;17.1;0.05023;35;6.06;0;0.4379;5.706;28.4;66.407;1;304;16.9;394.02;12.43
Holbrook;-7.099.600.000.000.000;420.895;19.4;0.03466;35;6.06;0;0.4379;60.310.000.000.000.000;23.3;66.407;1;304;16.9;362.25;7.83
Weymouth;-709.795;420.995;22.2;0.05083;0;5.19;0;0.515;6.316;38.1;64.584;5;224;20.2;389.71;5.68
Weymouth;-70.965;42.101.000.000.000.000;20.7;0.03738;0;5.19;0;0.515;6.31;38.5;64.584;5;224;20.2;389.4;6.75
Weymouth;-70.97;42.115;21.1;0.03961;0;5.19;0;0.515;6.037.000.000.000.000;34.5;59.853;5;224;20.2;396.9;8.01
Weymouth;-70.976;42.128;19.5;0.03427;0;5.19;0;0.515;5.869;46.3;52.311;5;224;20.2;396.9;9.8
Weymouth;-709.602;42.126.999.999.999.900;18.5;0.030410000000000006;0;5.19;0;0.515;5.895;59.6;5.615;5;224;20.2;394.81;10.56
Weymouth;-709.633;421.374;20.6;0.03306;0;5.19;0;0.515;6.059;37.3;48.122;5;224;20.2;396.14;8.51
Weymouth;-709.675;42.144;19;0.054970000000000005;0;5.19;0;0.515;5.985;45.4;48.122;5;224;20.2;396.9;9.74
Weymouth;-70.965;421.503;18.7;0.06151;0;5.19;0;0.515;5.968;58.5;48.122;5;224;20.2;396.9;9.29
Cohasset;-708.875;421.465;32.7;0.01301;35;1.52;0;0.442;7.241;49.3;70.379;1;284;15.5;394.74;5.49
Hull;-70.915;42.16;16.5;0.02498;0;1.89;0;0.518;6.54;59.7;62.669;1;422;15.9;389.96;8.65
Hingham;-70.937;421.475;23.9;0.02543;55;3.78;0;0.484;66.960.000.000.000.000;56.4;57.321;5;370;17.6;396.9;7.18
Hingham;-709.325;42.123.000.000.000.000;31.2;0.03049;55;3.78;0;0.484;6.874;28.1;64.654;5;370;17.6;387.97;4.61
Rockland;-70.947;420.725;17.5;0.03113;0;4.39;0;0.442;60.139.999.999.999.900;48.5;80.136;3;352;18.8;385.64;10.53
Rockland;-709.501;420.825;17.2;0.06162;0;4.39;0;0.442;5.898;52.3;80.136;3;352;18.8;364.61;12.67
Hanover;-709.275;420.795;23.1;0.0187;85;4.15;0;0.429;6.516;27.7;85.353;4;351;17.9;392.43;6.36
Norwell;-70.92;421.016;24.5;0.01501;80;2.01;0;0.435;6.635;29.7;8.344;4;280;17;390.94;5.99
Scituate;-70.855;42.13;26.6;0.02899;40;1.25;0;0.429;6.939;34.5;87.921;1;335;19.7;389.85;5.89
Scituate;-70.833;42.115;22.9;0.06211000000000001;40;1.25;0;0.429;6.49;44.4;87.921;1;335;19.7;396.9;5.98
Marshfield;-70.83;420.775;24.1;0.0795;60;1.69;0;0.411;6.579;35.9;107.103;4;411;18.3;370.78;5.49
Marshfield;-70.81;42.059;18.6;0.07244;60;1.69;0;0.411;5.884;18.5;107.103;4;411;18.3;392.33;7.79
Duxbury;-70.83;420.485;30.1;0.01709;90;2.02;0;0.41;6.728;36.1;121.265;5;187;17;384.46;4.5
Pembroke;-7.085.300.000.000.000;42.052;18.2;0.04301;80;1.91;0;0.413;56.629.999.999.999.900;21.9;105.857;4;334;22;382.8;8.05
Pembroke;-708.525;42.03;20.6;0.10659;80;1.91;0;0.413;5.936;19.5;105.857;4;334;22;376.04;5.57
Boston Allston-Brighton;-71.083;422.172;17.8;898.296;0;18.1;1;0.77;62.120.000.000.000.000;97.4;21.222;24;666;20.2;377.73;17.6
Boston Allston-Brighton;-71.095;42.211.999.999.999.900;21.7;38.497;0;18.1;1;0.77;6.395;91;25.052;24;666;20.2;391.34;13.27
Boston Allston-Brighton;-711.007;42.21;22.7;520.177;0;18.1;1;0.77;6.127.000.000.000.000;83.4;27.227;24;666;20.2;395.43;11.48
Boston Allston-Brighton;-71.093;42.207;22.6;426.131;0;18.1;0;0.77;6.112;81.3;25.091;24;666;20.2;390.74;12.67
Boston Allston-Brighton;-710.905;422.033;25;4.541.919.999.999.990;0;18.1;0;0.77;6.398;88;25.182;24;666;20.2;374.56;7.79
Boston Allston-Brighton;-710.865;42.21;19.9;383.684;0;18.1;0;0.77;6.251;91.1;22.955;24;666;20.2;350.65;14.19
Boston Allston-Brighton;-71.081;42.208;20.8;367.822;0;18.1;0;0.77;5.362;96.2;21.036;24;666;20.2;380.79;10.19
Boston Allston-Brighton;-710.865;42.215;16.8;422.239;0;18.1;1;0.77;5.803;89;19.047;24;666;20.2;353.04;14.64
Boston Back Bay;-71.059;422.098;21.9;34.742.800.000.000.000;0;18.1;1;0.718;8.78;82.9;19.047;24;666;20.2;354.55;5.29
Boston Back Bay;-710.595;422.075;27.5;455.587;0;18.1;0;0.718;35.610.000.000.000.000;87.9;16.132;24;666;20.2;354.7;7.12
Boston Back Bay;-71.054;422.052;21.9;369.695;0;18.1;0;0.718;4.963;91.4;17.523;24;666;20.2;316.03;14
Boston Back Bay;-710.508;42.207;23.1;135.222;0;18.1;0;0.631;3.863;100;15.106;24;666;20.2;131.42;13.33
Boston Back Bay;-71.048;422.105;50;48.982.199.999.999.900;0;18.1;0;0.631;4.97;100;13.325;24;666;20.2;375.52;3.26
Boston Back Bay;-710.497;422.125;50;5.669.980.000.000.000;0;18.1;1;0.631;6.683;96.8;13.567;24;666;20.2;375.33;3.73
Boston Beacon Hill;-710.422;422.144;50;653.876;0;18.1;1;0.631;7.016;97.5;12.024;24;666;20.2;392.05;2.96
Boston Beacon Hill;-710.417;42.216;50;92.323;0;18.1;0;0.631;6.216;100;11.691;24;666;20.2;366.15;9.53
Boston Beacon Hill;-710.397;422.182;50;826.725;0;18.1;1;0.6679999999999999;5.875;89.6;11.296;24;666;20.2;347.88;8.88
Boston North End;-710.339;422.207;13.8;111.081;0;18.1;0;0.6679999999999999;49.060.000.000.000.000;100;11.742;24;666;20.2;396.9;34.77
Boston North End;-710.346;422.187;13.8;184.982;0;18.1;0;0.6679999999999999;4.138;100;1.137;24;666;20.2;396.9;37.97
Boston Charlestown;-710.367;42.224;15;196.091;0;18.1;0;0.6709999999999999;7.313;97.9;13.163;24;666;20.2;396.9;13.44
Boston Charlestown;-7.103.399.999.999.990;42.226.000.000.000.000;13.9;15.288;0;18.1;0;0.6709999999999999;6.649;93.3;13.449;24;666;20.2;363.02;23.24
Boston Charlestown;-71.038;422.265;13.3;982.349;0;18.1;0;0.6709999999999999;6.794;98.8;1.358;24;666;20.2;396.9;21.24
Boston Charlestown;-71.04;422.248;13.1;236.482;0;18.1;0;0.6709999999999999;6.38;96.2;13.861;24;666;20.2;396.9;23.69
Boston Charlestown;-71.04;422.275;10.2;178.667;0;18.1;0;0.6709999999999999;6.223;100;13.861;24;666;20.2;393.74;21.78
Boston Charlestown;-71.046;42.23;10.4;889.762;0;18.1;0;0.6709999999999999;6.968;91.9;14.165;24;666;20.2;396.9;17.21
Boston East Boston;-71.041;42.229;10.9;158.744;0;18.1;0;0.6709999999999999;6.545;99.1;15.192;24;666;20.2;396.9;21.08
Boston East Boston;-71.023;422.287;11.3;918.702;0;18.1;0;0.7;55.360.000.000.000.000;100;15.804;24;666;20.2;396.9;23.6
Boston East Boston;-710.215;42.227;12.3;799.248;0;18.1;0;0.7;5.52;100;15.331;24;666;20.2;396.9;24.56
Boston East Boston;-710.245;422.235;8.8;200.849;0;18.1;0;0.7;4.368;91.2;14.395;24;666;20.2;285.83;30.63
Boston East Boston;-710.235;422.213;7.2;168.118;0;18.1;0;0.7;5.277;98.1;14.261;24;666;20.2;396.9;30.81
Boston East Boston;-710.228;422.231;10.5;243.938;0;18.1;0;0.7;4.652;100;14.672;24;666;20.2;396.9;28.28
Boston East Boston;-710.215;422.248;7.4;225.971;0;18.1;0;0.7;5;89.5;15.184;24;666;20.2;396.9;31.99
Boston East Boston;-710.195;422.255;10.2;143.337;0;18.1;0;0.7;4.88;100;15.895;24;666;20.2;372.92;30.62
Boston East Boston;-710.168;422.281;11.5;815.174;0;18.1;0;0.7;5.39;98.9;17.281;24;666;20.2;396.9;20.85
Boston East Boston;-710.109;42.23;15.1;696.215;0;18.1;0;0.7;5.712.999.999.999.990;97;19.265;24;666;20.2;394.43;17.11
Boston East Boston;-710.035;42.233.000.000.000.000;23.2;529.305;0;18.1;0;0.7;6.051;82.5;21.678;24;666;20.2;378.38;18.76
Boston East Boston;-71.02;422.205;9.7;115.779;0;18.1;0;0.7;50.360.000.000.000.000;97;1.77;24;666;20.2;396.9;25.68
Boston South Boston;-710.167;42.201;13.8;864.476;0;18.1;0;0.693;6.193;92.6;17.912;24;666;20.2;396.9;15.17
Boston South Boston;-71.02;421.993;12.7;133.598;0;18.1;0;0.693;58.870.000.000.000.000;94.7;17.821;24;666;20.2;396.9;16.35
Boston South Boston;-7.102.199.999.999.990;421.996;13.1;871.675;0;18.1;0;0.693;6.471;98.8;17.257;24;666;20.2;391.98;17.12
Boston South Boston;-7.102.600.000.000.000;421.993;12.5;587.205;0;18.1;0;0.693;6.405;96;16.768;24;666;20.2;396.9;19.37
Boston South Boston;-71.025;422.024;8.5;767.202;0;18.1;0;0.693;5.747.000.000.000.000;98.9;16.334;24;666;20.2;393.1;19.92
Boston South Boston;-71.023;42.208.999.999.999.900;5;383.518;0;18.1;0;0.693;54.529.999.999.999.900;100;14.896;24;666;20.2;396.9;30.59
Boston South Boston;-71.033;422.032;6.3;991.655;0;18.1;0;0.693;5.852;77.8;15.004;24;666;20.2;338.16;29.97
Boston South Boston;-710.326;422.011;5.6;250.461;0;18.1;0;0.693;5.987;100;15.888;24;666;20.2;396.9;26.77
Boston South Boston;-71.03;422.015;7.2;142.362;0;18.1;0;0.693;6.343;100;15.741;24;666;20.2;396.9;20.32
Boston South Boston;-71.03;421.988;12.1;959.571;0;18.1;0;0.693;6.404;100;1.639;24;666;20.2;376.11;20.31
Boston South Boston;-710.332;42.198;8.3;248.017;0;18.1;0;0.693;5.349;96;17.028;24;666;20.2;396.9;19.77
Boston South Boston;-710.345;422.001;8.5;415.292;0;18.1;0;0.693;55.310.000.000.000.000;85.4;16.074;24;666;20.2;329.46;27.38
Boston South Boston;-71.032;422.057;5;679.208;0;18.1;0;0.693;5.683;100;14.254;24;666;20.2;384.97;22.98
Boston Downtown;-71.039;422.198;11.9;207.162;0;18.1;0;0.659;4.138;100;11.781;24;666;20.2;370.22;23.34
Boston Downtown;-710.427;42.208.999.999.999.900;27.9;119.511;0;18.1;0;0.659;5.608;100;12.852;24;666;20.2;332.09;12.13
Boston Downtown;-710.437;42.205;17.2;740.389;0;18.1;0;0.597;5.617.000.000.000.000;97.9;14.547;24;666;20.2;314.64;26.4
Boston Downtown;-710.455;42.206;27.5;144.383;0;18.1;0;0.597;6.852;100;14.655;24;666;20.2;179.36;19.78
Boston Downtown;-710.462;422.075;15;511.358;0;18.1;0;0.597;57.570.000.000.000.000;100;1.413;24;666;20.2;2.6;10.11
Boston Downtown;-710.487;422.048;17.2;140.507;0;18.1;0;0.597;6.657;100;15.275;24;666;20.2;35.05;21.22
Boston Downtown;-71.047;42.203;17.9;18.811;0;18.1;0;0.597;4.628;100;15.539;24;666;20.2;28.79;34.37
Boston Downtown;-710.451;422.015;16.3;286.558;0;18.1;0;0.597;5.155;100;15.894;24;666;20.2;210.97;20.08
Boston Roxbury;-71.042;421.985;7;457.461;0;18.1;0;0.693;4.519;100;16.582;24;666;20.2;88.27;36.98
Boston Roxbury;-710.455;421.953;7.2;180.846;0;18.1;0;0.679;6.434;100;18.347;24;666;20.2;27.25;29.05
Boston Roxbury;-710.477;421.965;7.5;108.342;0;18.1;0;0.679;6.782;90.8;18.195;24;666;20.2;21.57;25.79
Boston Roxbury;-710.498;422.007;10.4;259.406;0;18.1;0;0.679;53.039.999.999.999.900;89.1;16.475;24;666;20.2;127.36;26.64
Boston Roxbury;-710.525;421.989;8.8;735.341;0;18.1;0;0.679;5.957.000.000.000.000;100;18.026;24;666;20.2;16.45;20.62
Boston Roxbury;-710.586;421.999;8.4;118.123;0;18.1;0;0.718;6.824;76.5;1.794;24;666;20.2;48.45;22.74
Boston Roxbury;-710.618;42.199;16.7;110.874;0;18.1;0;0.718;64.110.000.000.000.000;100;18.589;24;666;20.2;318.75;15.02
Boston Roxbury;-71.065;422.018;14.2;7.022.589.999.999.990;0;18.1;0;0.718;6.006;95.3;18.746;24;666;20.2;319.98;15.7
Boston Roxbury;-710.665;42.196.999.999.999.900;20.8;120.482;0;18.1;0;0.614;5.648;87.6;19.512;24;666;20.2;291.55;14.1
Boston Roxbury;-710.619;421.948;13.4;705.042;0;18.1;0;0.614;6.103;85.1;20.218;24;666;20.2;2.52;23.29
Boston Roxbury;-71.059;42.192;11.7;8.792.119.999.999.990;0;18.1;0;0.584;5.565;70.6;20.635;24;666;20.2;3.65;17.16
Boston Roxbury;-710.577;421.967;8.3;158.603;0;18.1;0;0.679;5.896;95.4;19.096;24;666;20.2;7.68;24.39
Boston Roxbury;-710.558;421.937;10.2;122.472;0;18.1;0;0.584;58.370.000.000.000.000;59.7;19.976;24;666;20.2;24.65;15.69
Boston Roxbury;-710.542;421.961;10.9;376.619;0;18.1;0;0.679;6.202.000.000.000.000;78.7;18.629;24;666;20.2;18.82;14.52
Boston Roxbury;-710.521;42.193.999.999.999.900;11;736.711;0;18.1;0;0.679;6.193;78.1;19.356;24;666;20.2;96.73;21.52
Boston Roxbury;-710.485;42.192;9.5;933.889;0;18.1;0;0.679;6.38;95.6;19.682;24;666;20.2;60.72;24.08
Boston Roxbury;-710.547;4.218.899.999.999.990;14.5;849.213;0;18.1;0;0.584;6.348;86.1;20.527;24;666;20.2;83.45;17.64
Boston Roxbury;-710.505;42.188;14.1;100.623;0;18.1;0;0.584;6.832.999.999.999.990;94.3;20.882;24;666;20.2;81.33;19.69
Boston Roxbury;-7.105.199.999.999.990;421.854;16.1;644.405;0;18.1;0;0.584;6.425;74.8;22.004;24;666;20.2;97.95;12.03
Boston Savin Hill;-710.495;421.815;14.3;558.107;0;18.1;0;0.713;6.436;87.9;23.158;24;666;20.2;100.19;16.22
Boston Savin Hill;-710.475;421.842;11.7;139.134;0;18.1;0;0.713;6.207.999.999.999.990;95;22.222;24;666;20.2;100.63;15.17
Boston Savin Hill;-71.046;421.867;13.4;111.604;0;18.1;0;0.74;6.629;94.6;21.247;24;666;20.2;109.85;23.27
Boston Savin Hill;-710.455;421.893;9.6;144.208;0;18.1;0;0.74;6.461;93.3;20.026;24;666;20.2;27.49;18.05
Boston Savin Hill;-710.445;421.917;8.2;151.772;0;18.1;0;0.74;6.152;100;19.142;24;666;20.2;9.32;26.45
Boston Savin Hill;-710.445;421.938;8.4;136.781;0;18.1;0;0.74;5.935;87.9;18.206;24;666;20.2;68.95;34.02
Boston Savin Hill;-7.103.699.999.999.990;42.193.999.999.999.900;12.8;939.063;0;18.1;0;0.74;5.627.000.000.000.000;93.9;18.172;24;666;20.2;396.9;22.88
Boston Savin Hill;-710.321;421.925;10.5;220.511;0;18.1;0;0.74;5.818;92.4;18.662;24;666;20.2;391.45;22.11
Boston Savin Hill;-710.345;42.185;17.1;972.418;0;18.1;0;0.74;64.060.000.000.000.000;97.2;20.651;24;666;20.2;385.96;19.52
Boston Savin Hill;-7.103.399.999.999.990;4.218.899.999.999.990;14.8;566.637;0;18.1;0;0.74;62.189.999.999.999.900;100;20.048;24;666;20.2;395.69;16.59
Boston Savin Hill;-710.378;421.892;15.4;996.654;0;18.1;0;0.74;6.485;100;19.784;24;666;20.2;386.73;18.85
Boston Savin Hill;-710.405;42.192;10.8;128.023;0;18.1;0;0.74;5.854;96.6;18.956;24;666;20.2;240.52;23.79
Boston Savin Hill;-710.425;4.218.899.999.999.990;11.8;106.718;0;18.1;0;0.74;6.459;94.8;19.879;24;666;20.2;43.06;23.98
Boston Savin Hill;-71.039;421.868;14.9;62.880.699.999.999.900;0;18.1;0;0.74;6.341;96.4;2.072;24;666;20.2;318.01;17.79
Boston Savin Hill;-7.103.699.999.999.990;42.184;12.6;992.485;0;18.1;0;0.74;6.251;96.6;2.198;24;666;20.2;388.52;16.44
Boston Savin Hill;-71.04;42.181.999.999.999.900;14.1;932.909;0;18.1;0;0.713;6.185;98.7;22.616;24;666;20.2;396.9;18.13
Boston Savin Hill;-710.428;421.845;13;752.601;0;18.1;0;0.713;6.417.000.000.000.000;98.3;2.185;24;666;20.2;304.21;19.31
Boston Savin Hill;-71.046;42.181.000.000.000.000;13.4;671.772;0;18.1;0;0.713;6.749;92.6;23.236;24;666;20.2;0.32;17.44
Boston Savin Hill;-71.041;421.795;15.2;544.114;0;18.1;0;0.713;6.655;98.2;23.552;24;666;20.2;355.29;17.73
Boston Savin Hill;-7.103.399.999.999.990;42.178.999.999.999.900;16.1;509.017;0;18.1;0;0.713;62.970.000.000.000.000;91.8;23.682;24;666;20.2;385.09;17.27
Boston Savin Hill;-71.04;42.177;17.8;824.809;0;18.1;0;0.713;7.393;99.3;24.527;24;666;20.2;375.87;16.74
Boston Savin Hill;-710.455;421.768;14.4;951.363;0;18.1;0;0.713;6.728;94.1;24.961;24;666;20.2;6.68;18.71
Boston Savin Hill;-71.051;42.178.000.000.000.000;14.1;475.237;0;18.1;0;0.713;6.525;86.5;24.358;24;666;20.2;50.92;18.13
Boston Dorchester;-710.517;421.735;12.7;4.668.830.000.000.000;0;18.1;0;0.713;5.976;87.9;25.806;24;666;20.2;10.48;19.01
Boston Dorchester;-710.515;42.17;13.5;820.058;0;18.1;0;0.713;5.936;80.3;27.792;24;666;20.2;3.5;16.94
Boston Dorchester;-710.475;42.169;14.9;775.223;0;18.1;0;0.713;6.301;83.7;27.831;24;666;20.2;272.21;16.23
Boston Dorchester;-71.043;42.169;20;680.117;0;18.1;0;0.713;6.081;84.4;27.175;24;666;20.2;396.9;14.7
Boston Dorchester;-71.043;421.728;16.4;4.812.130.000.000.000;0;18.1;0;0.713;67.010.000.000.000.000;90;25.975;24;666;20.2;255.23;16.42
Boston Dorchester;-71.035;421.745;17.7;369.311;0;18.1;0;0.713;6.376;88.4;25.671;24;666;20.2;391.43;14.65
Boston Dorchester;-71.031;421.695;19.5;665.492;0;18.1;0;0.713;6.317;83;27.344;24;666;20.2;396.9;13.99
Boston Dorchester;-710.358;421.675;20.2;582.115;0;18.1;0;0.713;6.513;89.9;28.016;24;666;20.2;393.82;10.29
Boston Dorchester;-71.045;42.163.999.999.999.900;21.4;783.932;0;18.1;0;0.655;6.209;65.4;29.634;24;666;20.2;396.9;13.22
Boston Dorchester;-71.055;42.165;19.9;31.636;0;18.1;0;0.655;5.759;48.2;30.665;24;666;20.2;334.4;14.13
Boston Dorchester;-71.055;421.685;19;377.498;0;18.1;0;0.655;5.952.000.000.000.000;84.7;28.715;24;666;20.2;22.01;17.15
Boston Mattapan;-71.066;42.178.000.000.000.000;19.1;44.222.800.000.000.000;0;18.1;0;0.584;6.002.999.999.999.990;94.5;25.403;24;666;20.2;331.29;21.32
Boston Mattapan;-71.07;42.168;19.1;155.757;0;18.1;0;0.58;5.926;71;29.084;24;666;20.2;368.74;18.13
Boston Mattapan;-71.069;421.725;20.1;130.751;0;18.1;0;0.58;5.712.999.999.999.990;56.7;28.237;24;666;20.2;396.9;14.76
Boston Mattapan;-71.074;42.168;19.9;434.879;0;18.1;0;0.58;6.167.000.000.000.000;84;30.334;24;666;20.2;396.9;16.29
Boston Mattapan;-710.825;421.698;19.6;403.841;0;18.1;0;0.532;6.229;90.7;30.993;24;666;20.2;395.33;12.87
Boston Mattapan;-710.833;42.175;23.2;356.868;0;18.1;0;0.58;6.437;75;28.965;24;666;20.2;393.37;14.36
Boston Forest Hills;-710.732;42.184;29.8;464.689;0;18.1;0;0.614;6.98;67.6;25.329;24;666;20.2;374.68;11.66
Boston Forest Hills;-71.055;42.183;13.8;805.579;0;18.1;0;0.584;54.270.000.000.000.000;95.4;24.298;24;666;20.2;352.58;18.14
Boston Forest Hills;-710.511;421.879;13.3;639.312;0;18.1;0;0.584;6.162.000.000.000.000;97.4;2.206;24;666;20.2;302.76;24.1
Boston Forest Hills;-710.565;42.188;16.7;487.141;0;18.1;0;0.614;6.484;93.6;23.053;24;666;20.2;396.21;18.68
Boston Forest Hills;-710.528;42.192;12;150.234;0;18.1;0;0.614;53.039.999.999.999.900;97.3;21.007;24;666;20.2;349.48;24.91
Boston Forest Hills;-710.558;421.913;14.6;10.232.999.999.999.900;0;18.1;0;0.614;6.185;96.7;21.705;24;666;20.2;379.7;18.03
Boston Forest Hills;-71.067;421.945;21.4;143.337;0;18.1;0;0.614;6.229;88;19.512;24;666;20.2;383.32;13.11
Boston West Roxbury;-711.008;42.174;23;582.401;0;18.1;0;0.532;6.242.000.000.000.000;64.7;34.242;24;666;20.2;396.9;10.74
Boston West Roxbury;-71.095;42.173;23.7;57.081.800.000.000.000;0;18.1;0;0.532;6.75;74.9;33.317;24;666;20.2;393.07;7.74
Boston West Roxbury;-71.09;421.665;25;573.116;0;18.1;0;0.532;7.061;77;34.106;24;666;20.2;395.28;7.01
Boston West Roxbury;-710.975;421.608;21.8;281.838;0;18.1;0;0.532;57.620.000.000.000.000;40.3;40.983;24;666;20.2;392.92;10.42
Boston Hyde Park;-710.804;42.153.999.999.999.900;20.6;237.857;0;18.1;0;0.583;5.871;41.9;37.239.999.999.999.900;24;666;20.2;370.73;13.34
Boston Hyde Park;-71.075;421.455;21.2;367.367;0;18.1;0;0.583;6.312;51.9;39.917;24;666;20.2;388.62;10.58
Boston Hyde Park;-710.715;42.155;19.1;569.175;0;18.1;0;0.583;6.114;79.8;35.459;24;666;20.2;392.68;14.98
Boston Hyde Park;-71.065;42.161;20.6;483.567;0;18.1;0;0.583;5.905;53.2;31.523;24;666;20.2;388.22;11.45
Chelsea;-710.189;422.344;15.2;0.15086;0;27.74;0;0.609;5.454;92.7;18.209;4;711;20.1;395.09;18.06
Chelsea;-710.228;422.335;7;0.18337;0;27.74;0;0.609;5.414;98.3;17.554;4;711;20.1;344.05;23.97
Chelsea;-710.245;422.368;8.1;0.20746;0;27.74;0;0.609;5.093;98;18.226;4;711;20.1;318.43;29.68
Chelsea;-71.016;422.382;13.6;0.10574;0;27.74;0;0.609;5.983;98.8;18.681;4;711;20.1;390.11;18.07
Chelsea;-710.297;422.447;20.1;0.11132;0;27.74;0;0.609;5.983;83.5;21.099;4;711;20.1;396.9;13.35
Revere;-710.125;422.462;21.8;0.17331;0;9.69;0;0.585;5.707.000.000.000.000;54;23.817;6;391;19.2;396.9;12.01
Revere;-710.125;42.25;24.5;0.27957;0;9.69;0;0.585;5.926;42.6;23.817;6;391;19.2;396.9;13.59
Revere;-710.105;422.547;23.1;0.17899;0;9.69;0;0.585;5.67;28.8;27.986;6;391;19.2;393.29;17.6
Revere;-71.001;422.525;19.7;0.2896;0;9.69;0;0.585;5.39;72.9;27.986;6;391;19.2;396.9;21.14
Revere;-709.947;422.496;18.3;0.26838;0;9.69;0;0.585;5.794;70.6;28.927;6;391;19.2;396.9;14.1
Revere;-71.005;422.455;21.2;0.23912;0;9.69;0;0.585;6.019;65.3;24.091;6;391;19.2;396.9;12.92
Revere;-709.985;42.243;17.5;0.17783;0;9.69;0;0.585;5.569;73.5;23.999;6;391;19.2;395.77;15.1
Revere;-70.992;42.238;16.8;0.22438;0;9.69;0;0.585;6.027;79.7;24.982;6;391;19.2;396.9;14.33
Winthrop;-70.986;422.312;22.4;0.06262999999999999;0;11.93;0;0.573;6.593;69.1;24.786;1;273;21;391.99;9.67
Winthrop;-70.991;422.275;20.6;0.04527;0;11.93;0;0.573;6.12;76.7;22.875;1;273;21;396.9;9.08
Winthrop;-709.948;42.226.000.000.000.000;23.9;0.06076;0;11.93;0;0.573;6.976;91;21.675;1;273;21;396.9;5.64
Winthrop;-709.875;42.224;22;0.10959;0;11.93;0;0.573;6.794;89.3;23.889;1;273;21;393.45;6.48
Winthrop;-709.825;42.221.000.000.000.000;19;0.04741;0;11.93;0;0.573;6.03;80.8;2.505;1;273;21;396.9;7.88
